HTC ONE M8 mini Доставка. Гарантия Магазин,3 800 руб.,Санкт-Петербург,https://www.avito.ru/sankt-peterburg/telefony/htc_one_m8_mini_dostavka._garantiya_magazin_883213476
08.08/ HTC OneX+,10 499 руб.,Вихоревка,https://www.avito.ru/vihorevka/telefony/08.08_htc_onex_950346041
Htc,3 500 руб.,Томск,https://www.avito.ru/tomsk/telefony/htc_1062387590
HTC двухсимочный,9 000 руб.,Казань,https://www.avito.ru/kazan/telefony/htc_dvuhsimochnyy_910920436
HTC 526G,3 900 руб.,Омск,https://www.avito.ru/omsk/telefony/htc_526g_1026781655
HTC,2 500 руб.,Краснодар,https://www.avito.ru/krasnodar/telefony/htc_1121235644
Htc extension 403,1 200 руб.,Томск,https://www.avito.ru/tomsk/telefony/htc_extension_403_1195119004
Телефон HTC Touch cruise,650 руб.,Москва,https://www.avito.ru/moskva/telefony/telefon_htc_touch_cruise_984143408
HTC One S,2 499 руб.,Санкт-Петербург,https://www.avito.ru/sankt-peterburg/telefony/htc_one_s_1158499656
HTC Desire 210,1 999 руб.,Новосибирск,https://www.avito.ru/novosibirsk/telefony/htc_desire_210_534310412
Htc desire hd a9191,700 руб.,Старый Оскол,https://www.avito.ru/staryy_oskol/telefony/htc_desire_hd_a9191_1158820144
HTC One V,4 000 руб.,Новокузнецк,https://www.avito.ru/novokuznetsk/telefony/htc_one_v_1104826056
Продам телефон HTC,1 000 руб.,Оренбург,https://www.avito.ru/orenburg/telefony/prodam_telefon_htc_702568774
Телефон HTC 816,7 500 руб.,Москва,https://www.avito.ru/moskva/telefony/telefon_htc_816_1096928306
Htc desire 620 dual sim,5 500 руб.,Анапа,https://www.avito.ru/anapa/telefony/htc_desire_620_dual_sim_1098167998
HTC D728G dual sim,6 500 руб.,Белгород,https://www.avito.ru/belgorod/telefony/htc_d728g_dual_sim_1042994041
"HTC One M8 16Gb black новый, гарантия, обмен",22 990 руб.,Калининград,https://www.avito.ru/kaliningrad/telefony/htc_one_m8_16gb_black_novyy_garantiya_obmen_978034598
HTC Desire 820 white новый в гарантией полн компл,15 490 руб.,Калининград,https://www.avito.ru/kaliningrad/telefony/htc_desire_820_white_novyy_v_garantiey_poln_kompl_549288267
"HTC One M9 gold новый с гарантией, обмен",25 990 руб.,Калининград,https://www.avito.ru/kaliningrad/telefony/htc_one_m9_gold_novyy_s_garantiey_obmen_1035019090
HTC One Dual sim,8 500 руб.,Элиста,https://www.avito.ru/elista/telefony/htc_one_dual_sim_901865222
HTC ONE mini2,7 500 руб.,Ростов-на-Дону,https://www.avito.ru/rostov-na-donu/telefony/htc_one_mini2_1195475829
HTC MAX 4G,4 500 руб.,Москва,https://www.avito.ru/moskva/telefony/htc_max_4g_287834937
HTC 620G,5 000 руб.,Иркутск,https://www.avito.ru/irkutsk/telefony/htc_620g_1157836166
08.08/ HTC дesire510,6 099 руб.,Зима,https://www.avito.ru/zima/telefony/08.08_htc_desire510_1039712921
08.08/ htcsensationxewithbeatsaudioz715E,4 799 руб.,Зима,https://www.avito.ru/zima/telefony/08.08_htcsensationxewithbeatsaudioz715e_999532439
HTC Desire 600 Dual Sim; Nokia Asha 308 и еще 2тел,2 500 руб.,Щёлково,https://www.avito.ru/schelkovo/telefony/htc_desire_600_dual_sim_nokia_asha_308_i_esche_2tel_1036555238
HTC Desire SV б/у,3 500 руб.,Москва,https://www.avito.ru/moskva/telefony/htc_desire_sv_bu_775648912
Настоящая Legenda от HTC,2 700 руб.,Санкт-Петербург,https://www.avito.ru/sankt-peterburg/telefony/nastoyaschaya_legenda_ot_htc_931758335
Htc desire eye,11 000 руб.,Калининград,https://www.avito.ru/kaliningrad/telefony/htc_desire_eye_1013277475
HTC ONE M8,8 500 руб.,Омск,https://www.avito.ru/omsk/telefony/htc_one_m8_867647055
"Немного разбитый телефон ""htc",1 500 руб.,Мичуринск,https://www.avito.ru/michurinsk/telefony/nemnogo_razbityy_telefon_htc_993883194
HTC one X (16 Gb.четырёх ядерный),3 500 руб.,Санкт-Петербург,https://www.avito.ru/sankt-peterburg/telefony/htc_one_x_16_gb.chetyreh_yadernyy_1079377720
HTC One A9 32GB,21 000 руб.,Екатеринбург,https://www.avito.ru/ekaterinburg/telefony/htc_one_a9_32gb_941672463
HTC M8,6 000 руб.,Москва,https://www.avito.ru/moskva/telefony/htc_m8_1133584073
HTC desire eye,7 000 руб.,Москва,https://www.avito.ru/moskva/telefony/htc_desire_eye_1124688616
Телефон HTC incredible S,1 999 руб.,Москва,https://www.avito.ru/moskva/telefony/telefon_htc_incredible_s_863686648
HTC 626G с гарантией,7 999 руб.,Нижний Новгород,https://www.avito.ru/nizhniy_novgorod/telefony/htc_626g_s_garantiey_1006989702
Продаю HTC Desire 816G Dual Sim,4 500 руб.,Волгоград,https://www.avito.ru/volgograd/telefony/prodayu_htc_desire_816g_dual_sim_941016778
Новый HTC One M8 2Гб оперативной и 32Гб диск,10 000 руб.,Великий Новгород,https://www.avito.ru/velikiy_novgorod/telefony/novyy_htc_one_m8_2gb_operativnoy_i_32gb_disk_1092260217
HTC One E9+,12 000 руб.,Бузулук,https://www.avito.ru/buzuluk/telefony/htc_one_e9_1177758069
Стильный HTC 816 на 2 сим карты,6 000 руб.,Санкт-Петербург,https://www.avito.ru/sankt-peterburg/telefony/stilnyy_htc_816_na_2_sim_karty_976284852
HTC Desire X Dual sim,2 500 руб.,Омск,https://www.avito.ru/omsk/telefony/htc_desire_x_dual_sim_1026051810
HTC Desire 326,4 000 руб.,Санкт-Петербург,https://www.avito.ru/sankt-peterburg/telefony/htc_desire_326_930631015
"HTC One M7 с дефектом, рабочий",2 000 руб.,Санкт-Петербург,https://www.avito.ru/sankt-peterburg/telefony/htc_one_m7_s_defektom_rabochiy_952688256
Новый HTC M8. Гарантия. Магазин. Доставка,8 990 руб.,Санкт-Петербург,https://www.avito.ru/sankt-peterburg/telefony/novyy_htc_m8._garantiya._magazin._dostavka_1182094158
Продам смартфон HTC Desire V rus + чехол,890 руб.,Ульяновск,https://www.avito.ru/ulyanovsk/telefony/prodam_smartfon_htc_desire_v_rus_chehol_763620909
Htc one m8,13 000 руб.,Ачхой-Мартан,https://www.avito.ru/achhoy-martan/telefony/htc_one_m8_1017564486
HTC P3450 elf,400 руб.,Красногорск,https://www.avito.ru/moskovskaya_oblast_krasnogorsk/telefony/htc_p3450_elf_1117851296
HTC,5 000 руб.,Видное,https://www.avito.ru/vidnoe/telefony/htc_1219020215
HTC Desire 600 Dual Sim Black,4 500 руб.,Москва,https://www.avito.ru/moskva/telefony/htc_desire_600_dual_sim_black_1169081574
Телефон смартфон HTC hd mini в хорошем состоянии,2 000 руб.,Москва,https://www.avito.ru/moskva/telefony/telefon_smartfon_htc_hd_mini_v_horoshem_sostoyanii_833714733
HTC desire z,500 руб.,Москва,https://www.avito.ru/moskva/telefony/htc_desire_z_950057667
HTC desire 310 dual SIM,3 900 руб.,Владикавказ,https://www.avito.ru/vladikavkaz/telefony/htc_desire_310_dual_sim_884738918
HTC Desire 816G Dual Sim,6 500 руб.,Людиново,https://www.avito.ru/lyudinovo/telefony/htc_desire_816g_dual_sim_934911303
HTC Desire 616 dual sim на запчасти,1 500 руб.,Саратов,https://www.avito.ru/saratov/telefony/htc_desire_616_dual_sim_na_zapchasti_965657513
Смартфон HTC 8S 4gb с документами,800 руб.,Иваново,https://www.avito.ru/ivanovo/telefony/smartfon_htc_8s_4gb_s_dokumentami_1006237193
С/т HTC Desire 600 dual sim RUS-без гарантии,1 500 руб.,Тула,https://www.avito.ru/tula/telefony/st_htc_desire_600_dual_sim_rus-bez_garantii_1036839164
Телефон HTC большой выбор. Покупка. Обмен,2 300 руб.,Челябинск,https://www.avito.ru/chelyabinsk/telefony/telefon_htc_bolshoy_vybor._pokupka._obmen_916905217
Телефон htc Desire 620G,3 500 руб.,Волгоград,https://www.avito.ru/volgograd/telefony/telefon_htc_desire_620g_1172287987
Оригинальный экран б\у на htc 8x,2 000 руб.,Уфа,https://www.avito.ru/ufa/telefony/originalnyy_ekran_bu_na_htc_8x_1049544766
Htc one sv б/у не работает на запчасти,3 000 руб.,Москва,https://www.avito.ru/moskva/telefony/htc_one_sv_bu_ne_rabotaet_na_zapchasti_1055457520
HTC Wildfire S A510e,1 499 руб.,Нижний Новгород,https://www.avito.ru/nizhniy_novgorod/telefony/htc_wildfire_s_a510e_1112217202
HTC Dezire HD,1 500 руб.,Луга,https://www.avito.ru/luga/telefony/htc_dezire_hd_1177527629
Сотовый телефон HTC Desire 400,2 500 руб.,Екатеринбург,https://www.avito.ru/ekaterinburg/telefony/sotovyy_telefon_htc_desire_400_1120260451
HTC Onr Mini,3 500 руб.,Псков,https://www.avito.ru/pskov/telefony/htc_onr_mini_1074410558
HTC desire x,1 500 руб.,Москва,https://www.avito.ru/moskva/telefony/htc_desire_x_737629308
Продам телефон HTC Desire 326 G dual sim,4 500 руб.,Пенза,https://www.avito.ru/penza/telefony/prodam_telefon_htc_desire_326_g_dual_sim_1141612527
HTC Sensation XE,5 000 руб.,Челябинск,https://www.avito.ru/chelyabinsk/telefony/htc_sensation_xe_851325185
HTC One e9plus 2sim,15 000 руб.,Биробиджан,https://www.avito.ru/birobidzhan/telefony/htc_one_e9plus_2sim_1170181640
HTC Desire 620g,6 000 руб.,Йошкар-Ола,https://www.avito.ru/yoshkar-ola/telefony/htc_desire_620g_1159016021
Сматфон HTC,4 000 руб.,Чита,https://www.avito.ru/chita/telefony/smatfon_htc_956967979
HTC sensation XE Z 715 beats audio,2 000 руб.,Москва,https://www.avito.ru/moskva/telefony/htc_sensation_xe_z_715_beats_audio_1098078411
HTC Wildfire S,1 800 руб.,Екатеринбург,https://www.avito.ru/ekaterinburg/telefony/htc_wildfire_s_1195459888
HTC ONE M8S,11 500 руб.,Санкт-Петербург,https://www.avito.ru/sankt-peterburg/telefony/htc_one_m8s_1079938053
08.08/ HTC wildфires,1 999 руб.,Ангарск,https://www.avito.ru/angarsk/telefony/08.08_htc_wildfires_928534804
08.08/ HTC 600(неисправен слот сим 2,4 099 руб.,Ангарск,https://www.avito.ru/angarsk/telefony/08.08_htc_600neispraven_slot_sim_2_989193920
HTC Incredible S,2 300 руб.,Екатеринбург,https://www.avito.ru/ekaterinburg/telefony/htc_incredible_s_965772032
HTC One M8,11 000 руб.,Вологда,https://www.avito.ru/vologda/telefony/htc_one_m8_1093942750
Продам смартфон HTC One Mini,4 000 руб.,Великий Новгород,https://www.avito.ru/velikiy_novgorod/telefony/prodam_smartfon_htc_one_mini_884370819
HTC Desire 500 dual sim 3G 4 Gb,1 000 руб.,Белгород,https://www.avito.ru/belgorod/telefony/htc_desire_500_dual_sim_3g_4_gb_1031561913
HTC one mini 2,2 000 руб.,Брянск,https://www.avito.ru/bryansk/telefony/htc_one_mini_2_1125893900
Продам телефон HTC M8,1 500 руб.,Старый Оскол,https://www.avito.ru/staryy_oskol/telefony/prodam_telefon_htc_m8_1038160592
HTC Desire X,4 500 руб.,Волгоград,https://www.avito.ru/volgograd/telefony/htc_desire_x_1171993473
Смартфон HTC One M8,9 990 руб.,Курск,https://www.avito.ru/kursk/telefony/smartfon_htc_one_m8_1218357843
Htc OneXL 32gb,3 500 руб.,Орел,https://www.avito.ru/orel/telefony/htc_onexl_32gb_1048053367
HTC ONE S,3 000 руб.,Луга,https://www.avito.ru/luga/telefony/htc_one_s_1051520448
HTC,1 700 руб.,Рузаевка,https://www.avito.ru/ruzaevka/telefony/htc_1066083333
Htc,1 300 руб.,Симферополь,https://www.avito.ru/simferopol/telefony/htc_949522660
Htc desire 300,6 000 руб.,Майкоп,https://www.avito.ru/maykop/telefony/htc_desire_300_976067713
HTC ONE M8,4 000 руб.,Гусев,https://www.avito.ru/gusev/telefony/htc_one_m8_972747913
HTC 500 dual,3 000 руб.,Вологда,https://www.avito.ru/vologda/telefony/htc_500_dual_1196985575
Телефон HTC desire,5 000 руб.,Клин,https://www.avito.ru/klin/telefony/telefon_htc_desire_917510089
Смартфон HTC desire 510,5 400 руб.,Воткинск,https://www.avito.ru/votkinsk/telefony/smartfon_htc_desire_510_1062198812
HTC One mini 2 (гарантия),5 490 руб.,Москва,https://www.avito.ru/moskva/telefony/htc_one_mini_2_garantiya_1174450453
HTC Desire SV,2 000 руб.,Бийск,https://www.avito.ru/biysk/telefony/htc_desire_sv_1057970342
HTC One M7 (рабочий) + M9(сгоревшая материнка) + H,20 000 руб.,Уфа,https://www.avito.ru/ufa/telefony/htc_one_m7_rabochiy_m9sgorevshaya_materinka_h_987640539
HTC Desire 510 новый,4 000 руб.,Екатеринбург,https://www.avito.ru/ekaterinburg/telefony/htc_desire_510_novyy_943013584
Продам HTC Desire 626G DS 8 гб белый,5 499 руб.,Магнитогорск,https://www.avito.ru/magnitogorsk/telefony/prodam_htc_desire_626g_ds_8_gb_belyy_1180041594
Верхняя шлейф плата htc m7,1 000 руб.,Москва,https://www.avito.ru/moskva/telefony/verhnyaya_shleyf_plata_htc_m7_1038291738
Нижняя плата htc m7,1 000 руб.,Москва,https://www.avito.ru/moskva/telefony/nizhnyaya_plata_htc_m7_1162608206
Htc wildfire s,1 500 руб.,Санкт-Петербург,https://www.avito.ru/sankt-peterburg/telefony/htc_wildfire_s_1103222505
HTC Desire 620G dual sim,5 500 руб.,Тула,https://www.avito.ru/tula/telefony/htc_desire_620g_dual_sim_1055351546
PG32130 HTC Incredible S,2 000 руб.,Томск,https://www.avito.ru/tomsk/telefony/pg32130_htc_incredible_s_1217657939
HTC one mini silver,7 000 руб.,Ставрополь,https://www.avito.ru/stavropol/telefony/htc_one_mini_silver_1073548325
HTC,17 500 руб.,Краснодар,https://www.avito.ru/krasnodar/telefony/htc_1000498812
Мобильный телефон Htc One V,2 300 руб.,Нижний Новгород,https://www.avito.ru/nizhniy_novgorod/telefony/mobilnyy_telefon_htc_one_v_918150861
HTC One X AT-T ЖК-Дисплей С Сенсорным Экраном,1 100 руб.,Москва,https://www.avito.ru/moskva/telefony/htc_one_x_at-t_zhk-displey_s_sensornym_ekranom_897111798
"Htc one m8 16Gb состояние идеальное,Ростест",9 000 руб.,Мытищи,https://www.avito.ru/mytischi/telefony/htc_one_m8_16gb_sostoyanie_idealnoerostest_1166051411
HTC A8181 RUS,650 руб.,Москва,https://www.avito.ru/moskva/telefony/htc_a8181_rus_991915296
HTC One S,3 500 руб.,Феодосия,https://www.avito.ru/feodosiya/telefony/htc_one_s_995541856
"5"" HTC One M8S 16 гб золот 8x1.7 2гб 13Мп 4G FM",13 990 руб.,Уфа,https://www.avito.ru/ufa/telefony/5_htc_one_m8s_16_gb_zolot_8x1.7_2gb_13mp_4g_fm_909282344
HTC Desire 400 dual sim,3 200 руб.,Барнаул,https://www.avito.ru/barnaul/telefony/htc_desire_400_dual_sim_1143250543
HTC ONE beats,5 000 руб.,Екатеринбург,https://www.avito.ru/ekaterinburg/telefony/htc_one_beats_1123448997
Чехол Флип для смартфона HTC Desire C,300 руб.,Комсомольск-на-Амуре,https://www.avito.ru/komsomolsk-na-amure/telefony/chehol_flip_dlya_smartfona_htc_desire_c_921219587
HTC Desire 600 Dual Sim Магазин Отлично,3 900 руб.,Челябинск,https://www.avito.ru/chelyabinsk/telefony/htc_desire_600_dual_sim_magazin_otlichno_1095126497
HTC телефон,200 руб.,Санкт-Петербург,https://www.avito.ru/sankt-peterburg/telefony/htc_telefon_1192201884
"Htc one M8 16Gb состояние идеальное,Ростест",9 000 руб.,Москва,https://www.avito.ru/moskva/telefony/htc_one_m8_16gb_sostoyanie_idealnoerostest_1152391432
HTC ONE S,4 000 руб.,Москва,https://www.avito.ru/moskva/telefony/htc_one_s_843995241
Экран и тачскрин LCD HTC Desire 616 чёрный,2 000 руб.,Сочи,https://www.avito.ru/sochi/telefony/ekran_i_tachskrin_lcd_htc_desire_616_chernyy_1041221674
HTC desire 516,2 500 руб.,Череповец,https://www.avito.ru/cherepovets/telefony/htc_desire_516_950051561
Htc,8 000 руб.,Пермь,https://www.avito.ru/perm/telefony/htc_1199110709
HTC 620g,4 000 руб.,Шахунья,https://www.avito.ru/shahunya/telefony/htc_620g_1153148185
Продам htc,2 000 руб.,Калуга,https://www.avito.ru/kaluga/telefony/prodam_htc_1091873153
HTC One dual SIM,6 000 руб.,Александровское,https://www.avito.ru/stavropolskiy_kray_aleksandrovskoe/telefony/htc_one_dual_sim_819633061
Htc desire c,1 000 руб.,Чебоксары,https://www.avito.ru/cheboksary/telefony/htc_desire_c_1148888693
HTC Desire 601 dual,3 500 руб.,Оренбург,https://www.avito.ru/orenburg/telefony/htc_desire_601_dual_942916143
HTC m7 32г,4 000 руб.,Москва,https://www.avito.ru/moskva/telefony/htc_m7_32g_1135885648
Продаю HTC,1 200 руб.,Таганрог,https://www.avito.ru/taganrog/telefony/prodayu_htc_737457042
HTC one m7,3 000 руб.,Екатеринбург,https://www.avito.ru/ekaterinburg/telefony/htc_one_m7_1194721096
HTC Mozart,1 900 руб.,Казань,https://www.avito.ru/kazan/telefony/htc_mozart_942713019
Смартфон HTC Desirе X,800 руб.,Нижний Новгород,https://www.avito.ru/nizhniy_novgorod/telefony/smartfon_htc_desire_x_978341960
Сотовый телефон HTC Touch Diamond2,1 000 руб.,Нижний Новгород,https://www.avito.ru/nizhniy_novgorod/telefony/sotovyy_telefon_htc_touch_diamond2_1119472922
HTC Rhyme s510b смартфон,2 000 руб.,Санкт-Петербург,https://www.avito.ru/sankt-peterburg/telefony/htc_rhyme_s510b_smartfon_1220721474
HTC desire 510 Lte,4 500 руб.,Санкт-Петербург,https://www.avito.ru/sankt-peterburg/telefony/htc_desire_510_lte_1078325202
"HTC Radar C110e Windows Phone 7.8 / 7.10, RUS",2 000 руб.,Новосибирск,https://www.avito.ru/novosibirsk/telefony/htc_radar_c110e_windows_phone_7.8_7.10_rus_1205468490
Смартфон HTC one S,6 000 руб.,Владимир,https://www.avito.ru/vladimir/telefony/smartfon_htc_one_s_830597038
HTC Desire 700 dual sim,6 000 руб.,Воронеж,https://www.avito.ru/voronezh/telefony/htc_desire_700_dual_sim_1129195892
HTC Wildfire S,1 300 руб.,Новосибирск,https://www.avito.ru/novosibirsk/telefony/htc_wildfire_s_937654726
HTC Desire 825 Dual Sim Dark Grey Новый + стекло,9 500 руб.,Москва,https://www.avito.ru/moskva/telefony/htc_desire_825_dual_sim_dark_grey_novyy_steklo_1090295354
HTC ONE M9,17 500 руб.,Оренбург,https://www.avito.ru/orenburg/telefony/htc_one_m9_1148832323
"Продам телефон htc 620 2 симки 8 гб,samsung j1",4 000 руб.,Янаул,https://www.avito.ru/yanaul/telefony/prodam_telefon_htc_620_2_simki_8_gbsamsung_j1_1008042792
HTC Dual SIM,17 000 руб.,Братск,https://www.avito.ru/bratsk/telefony/htc_dual_sim_1142228067
HTC One M9,12 500 руб.,Иркутск,https://www.avito.ru/irkutsk/telefony/htc_one_m9_1056249529
HTC one m7,5 000 руб.,Краснодар,https://www.avito.ru/krasnodar/telefony/htc_one_m7_1015823882
HTC 626G+,2 000 руб.,Волгоград,https://www.avito.ru/volgograd/telefony/htc_626g_1186537340
HTC Desire SV,2 000 руб.,Новосибирск,https://www.avito.ru/novosibirsk/telefony/htc_desire_sv_1151416511
Продам htc 300,500 руб.,Омск,https://www.avito.ru/omsk/telefony/prodam_htc_300_1033723309
HTC Rhyme,2 900 руб.,Ковров,https://www.avito.ru/kovrov/telefony/htc_rhyme_848400298
Продам телефон HTC Desire 601 dual sim Rus,4 000 руб.,Чита,https://www.avito.ru/chita/telefony/prodam_telefon_htc_desire_601_dual_sim_rus_1064281297
Htcone M7,150 руб.,Барнаул,https://www.avito.ru/barnaul/telefony/htcone_m7_945895254
Htc desire 600 dual sim на запчастия,1 500 руб.,Ногинск,https://www.avito.ru/noginsk/telefony/htc_desire_600_dual_sim_na_zapchastiya_1018053067
HTC Desire,2 450 руб.,Томск,https://www.avito.ru/tomsk/telefony/htc_desire_1209806143
Материнская плата от HTC Desire,100 руб.,Томск,https://www.avito.ru/tomsk/telefony/materinskaya_plata_ot_htc_desire_1065706751
HTC Desire X,1 000 руб.,Челябинск,https://www.avito.ru/chelyabinsk/telefony/htc_desire_x_1205951949
Htc desire s,1 300 руб.,Саров,https://www.avito.ru/sarov/telefony/htc_desire_s_1177863948
Смартфон HTC Desire 310 Арт.21675,3 290 руб.,Орск,https://www.avito.ru/orsk/telefony/smartfon_htc_desire_310_art.21675_1180077451
Смартфон HTC Sensation хе арт.Б00001187,2 000 руб.,Новосибирск,https://www.avito.ru/novosibirsk/telefony/smartfon_htc_sensation_he_art.b00001187_1088302301
HTC Desire Eye,10 500 руб.,Чита,https://www.avito.ru/chita/telefony/htc_desire_eye_957176681
HTC 526,4 000 руб.,Москва,https://www.avito.ru/moskva/telefony/htc_526_1059291206
HTC One m8,7 000 руб.,Оренбург,https://www.avito.ru/orenburg/telefony/htc_one_m8_664893127
Продам HTC ONE M8,10 000 руб.,Иркутск,https://www.avito.ru/irkutsk/telefony/prodam_htc_one_m8_1110916140
HTC One V,5 000 руб.,Хабаровск,https://www.avito.ru/habarovsk/telefony/htc_one_v_1118577250
"4.7"" HTC Desire 510 + 4G/LTE",4 500 руб.,Новосибирск,https://www.avito.ru/novosibirsk/telefony/4.7_htc_desire_510_4glte_563907127
HTC Sensation Дополнительная плата и модуль камер,500 руб.,Бийск,https://www.avito.ru/biysk/telefony/htc_sensation_dopolnitelnaya_plata_i_modul_kamer_1212499136
Продам защитное стекло на htc one s,100 руб.,Иркутск,https://www.avito.ru/irkutsk/telefony/prodam_zaschitnoe_steklo_na_htc_one_s_968455493
Продаю сотовый телефон HTC Hero,2 000 руб.,Барнаул,https://www.avito.ru/barnaul/telefony/prodayu_sotovyy_telefon_htc_hero_942332737
HTC one m7 32GB,4 000 руб.,Санкт-Петербург,https://www.avito.ru/sankt-peterburg/telefony/htc_one_m7_32gb_1217270215
HTC Desire 816 G dual sim,7 500 руб.,Улан-Удэ,https://www.avito.ru/ulan-ude/telefony/htc_desire_816_g_dual_sim_1223426498
Htc one mini,5 000 руб.,Махачкала,https://www.avito.ru/mahachkala/telefony/htc_one_mini_1213839369
HTC Desire 626 Dual sim,5 000 руб.,Москва,https://www.avito.ru/moskva/telefony/htc_desire_626_dual_sim_1053648033
HTC Desire 630 16gb Dual Sim на гарантии,8 500 руб.,Благовещенск,https://www.avito.ru/amurskaya_oblast_blagoveschensk/telefony/htc_desire_630_16gb_dual_sim_na_garantii_973915337
HTC 10 32Gb Red,22 190 руб.,Москва,https://www.avito.ru/moskva/telefony/htc_10_32gb_red_1177425552
HTC A9191 Desire HD,1 800 руб.,Москва,https://www.avito.ru/moskva/telefony/htc_a9191_desire_hd_1070522161
Htc one m8 32gb обмен или продажа,12 000 руб.,Краснодар,https://www.avito.ru/krasnodar/telefony/htc_one_m8_32gb_obmen_ili_prodazha_1176812732
HTC Sensation,1 700 руб.,Черкесск,https://www.avito.ru/cherkessk/telefony/htc_sensation_1197619575
Htc desire 816g,5 000 руб.,Краснодар,https://www.avito.ru/krasnodar/telefony/htc_desire_816g_1051201519
Продам моб.HTC Desare SV,600 руб.,Москва,https://www.avito.ru/moskva/telefony/prodam_mob.htc_desare_sv_900002761
HTC 13 Мп,4 000 руб.,Калининград,https://www.avito.ru/kaliningrad/telefony/htc_13_mp_1064422016
HTC 626G,1 300 руб.,Москва,https://www.avito.ru/moskva/telefony/htc_626g_930832227
"Два смартфона Htc one m7, и htc one dual cim",8 500 руб.,Самара,https://www.avito.ru/samara/telefony/dva_smartfona_htc_one_m7_i_htc_one_dual_cim_1198300480
HTC Desire 626G Dual Sim синий с чехлом и плёнкой,5 900 руб.,Москва,https://www.avito.ru/moskva/telefony/htc_desire_626g_dual_sim_siniy_s_chehlom_i_plenkoy_881100074
HTC Desire 526G dual sim,2 500 руб.,Санкт-Петербург,https://www.avito.ru/sankt-peterburg/telefony/htc_desire_526g_dual_sim_1129635119
"Продам htc one v,в хорошем состоянии",2 000 руб.,Курск,https://www.avito.ru/kursk/telefony/prodam_htc_one_vv_horoshem_sostoyanii_1054410963
Силиконовые чехлы чехол htc one m8,200 руб.,Казань,https://www.avito.ru/kazan/telefony/silikonovye_chehly_chehol_htc_one_m8_915331353
HTC One dual sim,10 000 руб.,Алексин,https://www.avito.ru/aleksin/telefony/htc_one_dual_sim_1029971228
HTC Sensation,2 400 руб.,Санкт-Петербург,https://www.avito.ru/sankt-peterburg/telefony/htc_sensation_845556643
HTC One M8 (dual sim) 16Gb отл сост (рст),11 000 руб.,Санкт-Петербург,https://www.avito.ru/sankt-peterburg/telefony/htc_one_m8_dual_sim_16gb_otl_sost_rst_1084281298
HTC Touch HD T8282,3 500 руб.,Москва,https://www.avito.ru/moskva/telefony/htc_touch_hd_t8282_896946100
Htc desire 816 dual sim,9 000 руб.,Москва,https://www.avito.ru/moskva/telefony/htc_desire_816_dual_sim_1056830318
Htc Sensation z710e,Цена не указана,Нальчик,https://www.avito.ru/nalchik/telefony/htc_sensation_z710e_952055927
Htc One X 32gb white,4 000 руб.,Калининград,https://www.avito.ru/kaliningrad/telefony/htc_one_x_32gb_white_914840403
HTC Desire 700 dual sim,1 000 руб.,Москва,https://www.avito.ru/moskva/telefony/htc_desire_700_dual_sim_927624237
HTC ONE M7 Оригинальный 4G LTE,6 000 руб.,Тула,https://www.avito.ru/tula/telefony/htc_one_m7_originalnyy_4g_lte_1135359029
Телефон HTC touch cruise,Цена не указана,Йошкар-Ола,https://www.avito.ru/yoshkar-ola/telefony/telefon_htc_touch_cruise_932149821
HTC,3 000 руб.,Москва,https://www.avito.ru/moskva/telefony/htc_1039272468
HTC U Ultra 128Gb Black (Sapphire) рст,34 999 руб.,Москва,https://www.avito.ru/moskva/telefony/htc_u_ultra_128gb_black_sapphire_rst_944374926
HTC Desire 700 dual sim,5 000 руб.,Санкт-Петербург,https://www.avito.ru/sankt-peterburg/telefony/htc_desire_700_dual_sim_1119274780
Htc one m 8,8 000 руб.,Избербаш,https://www.avito.ru/izberbash/telefony/htc_one_m_8_1065353350
"HTC 10 рст, обмен",23 000 руб.,Москва,https://www.avito.ru/moskva/telefony/htc_10_rst_obmen_1021687989
HTC desire sv,300 руб.,Санкт-Петербург,https://www.avito.ru/sankt-peterburg/telefony/htc_desire_sv_910246893
Смартфон HTC Desire 310 dual sim,955 руб.,Волгоград,https://www.avito.ru/volgograd/telefony/smartfon_htc_desire_310_dual_sim_1051063227
Продаю htc,1 200 руб.,Ногинск,https://www.avito.ru/noginsk/telefony/prodayu_htc_1026929187
HTC Wildfire,1 500 руб.,Москва,https://www.avito.ru/moskva/telefony/htc_wildfire_1197216200
HTC desire z,4 000 руб.,Ярославль,https://www.avito.ru/yaroslavl/telefony/htc_desire_z_863323575
Продам HTC 626G dual sim,5 800 руб.,Ярославль,https://www.avito.ru/yaroslavl/telefony/prodam_htc_626g_dual_sim_892845311
HTC One Mini2,6 999 руб.,Нижневартовск,https://www.avito.ru/nizhnevartovsk/telefony/htc_one_mini2_1113749096
Htc one б/у,2 500 руб.,Москва,https://www.avito.ru/moskva/telefony/htc_one_bu_833990812
Смартфон htc на windows,450 руб.,Краснодар,https://www.avito.ru/krasnodar/telefony/smartfon_htc_na_windows_958940247
HTC Wildfire A3333,2 000 руб.,Нижний Новгород,https://www.avito.ru/nizhniy_novgorod/telefony/htc_wildfire_a3333_468282753
HTC Desire 310 dual sim,3 900 руб.,Нижний Новгород,https://www.avito.ru/nizhniy_novgorod/telefony/htc_desire_310_dual_sim_681973013
Смартфон HTC Desire S (+ чехол + Micro SD 8Gb),3 500 руб.,Санкт-Петербург,https://www.avito.ru/sankt-peterburg/telefony/smartfon_htc_desire_s_chehol_micro_sd_8gb_1156392887
Оригинальный HTC Desire X камера 8.0мп 8 GB,3 900 руб.,Нижний Новгород,https://www.avito.ru/nizhniy_novgorod/telefony/originalnyy_htc_desire_x_kamera_8.0mp_8_gb_500376267
HTC desire628,7 000 руб.,Саранск,https://www.avito.ru/saransk/telefony/htc_desire628_914471995
Свежий HTC Wildfire S розовый и черн ос Android 4,2 000 руб.,Нижний Новгород,https://www.avito.ru/nizhniy_novgorod/telefony/svezhiy_htc_wildfire_s_rozovyy_i_chern_os_android_4_286504249
HTC Desire 601,3 999 руб.,Евпатория,https://www.avito.ru/evpatoriya/telefony/htc_desire_601_1213211204
HTC M7 one,4 500 руб.,Залегощь,https://www.avito.ru/zalegosch/telefony/htc_m7_one_949153991
HTC 8,10 000 руб.,Славгород,https://www.avito.ru/slavgorod/telefony/htc_8_1097164285
HTC One,12 000 руб.,Шарья,https://www.avito.ru/sharya/telefony/htc_one_1167009858
HTC one m7,3 500 руб.,Грозный,https://www.avito.ru/groznyy/telefony/htc_one_m7_976517445
HTC Desire 620g dual sim белый,6 000 руб.,Москва,https://www.avito.ru/moskva/telefony/htc_desire_620g_dual_sim_belyy_1119664698
Телефон HTC desire 626g dual sim,8 000 руб.,Темрюк,https://www.avito.ru/temryuk/telefony/telefon_htc_desire_626g_dual_sim_1049903043
HTC One M8s 16Gb,9 990 руб.,Воронеж,https://www.avito.ru/voronezh/telefony/htc_one_m8s_16gb_948450982
HTC Desire 530,8 200 руб.,Вельск,https://www.avito.ru/velsk/telefony/htc_desire_530_1174083968
HTC Desire 526G dual sim,6 руб.,Ростов-на-Дону,https://www.avito.ru/rostov-na-donu/telefony/htc_desire_526g_dual_sim_1176973573
Htc- коммуникатор,2 000 руб.,Нижний Новгород,https://www.avito.ru/nizhniy_novgorod/telefony/htc-_kommunikator_865899363
HTC Desire 728G Dual Sim,7 000 руб.,Краснодар,https://www.avito.ru/krasnodar/telefony/htc_desire_728g_dual_sim_1006767601
HTC medialink HD,800 руб.,Старая Купавна,https://www.avito.ru/staraya_kupavna/telefony/htc_medialink_hd_894907268
Запчасти для HTC one x,1 500 руб.,Москва,https://www.avito.ru/moskva/telefony/zapchasti_dlya_htc_one_x_1176101191
HTC 616 Dual Sim,400 руб.,Москва,https://www.avito.ru/moskva/telefony/htc_616_dual_sim_1169028593
HTC Desire 601,4 000 руб.,Новоуральск,https://www.avito.ru/novouralsk/telefony/htc_desire_601_1158578591
HTC ONE M8 dual,12 490 руб.,Нижний Тагил,https://www.avito.ru/nizhniy_tagil/telefony/htc_one_m8_dual_1074839013
HTC touch P3450 кпк,650 руб.,Краснодар,https://www.avito.ru/krasnodar/telefony/htc_touch_p3450_kpk_874129669
Телефон HTC Desire 626G,5 000 руб.,Орел,https://www.avito.ru/orel/telefony/telefon_htc_desire_626g_1091274250
HTC desire 516,3 000 руб.,Нижний Новгород,https://www.avito.ru/nizhniy_novgorod/telefony/htc_desire_516_1151979665
HTC 10 (32 гб) Carbon Grey (Темно-серый),23 000 руб.,Санкт-Петербург,https://www.avito.ru/sankt-peterburg/telefony/htc_10_32_gb_carbon_grey_temno-seryy_1127779469
HTC desire 400,2 000 руб.,Брянск,https://www.avito.ru/bryansk/telefony/htc_desire_400_1217796246
HTC Legend,300 руб.,Санкт-Петербург,https://www.avito.ru/sankt-peterburg/telefony/htc_legend_709128194
HTC briliant,2 500 руб.,Москва,https://www.avito.ru/moskva/telefony/htc_briliant_1000248515
Аккумуляторная батарея на телефон HTC desire sv,700 руб.,Таганрог,https://www.avito.ru/taganrog/telefony/akkumulyatornaya_batareya_na_telefon_htc_desire_sv_738455452
HTC M9,10 000 руб.,Москва,https://www.avito.ru/moskva/telefony/htc_m9_1124687878
HTC 816G dual SIM,5 500 руб.,Омск,https://www.avito.ru/omsk/telefony/htc_816g_dual_sim_1053847668
Телефон на запчасти HTC Desire v Russia,500 руб.,Шадринск,https://www.avito.ru/shadrinsk/telefony/telefon_na_zapchasti_htc_desire_v_russia_1144604254
Продам на запчасти htc desire 310,700 руб.,Магнитогорск,https://www.avito.ru/magnitogorsk/telefony/prodam_na_zapchasti_htc_desire_310_879397629
HTC Desire 626G,6 500 руб.,Чебоксары,https://www.avito.ru/cheboksary/telefony/htc_desire_626g_942557690
Обмен HTC Desire 700 с неисправностью,Цена не указана,Ростов-на-Дону,https://www.avito.ru/rostov-na-donu/telefony/obmen_htc_desire_700_s_neispravnostyu_992514102
Htc one m7,5 500 руб.,Новосибирск,https://www.avito.ru/novosibirsk/telefony/htc_one_m7_1129644335
HTC M9,12 500 руб.,Тольятти,https://www.avito.ru/tolyatti/telefony/htc_m9_879071413
HTC One X (Ограниченная версия),2 700 руб.,Омск,https://www.avito.ru/omsk/telefony/htc_one_x_ogranichennaya_versiya_1156027802
HTC One mini 2,6 000 руб.,Курган,https://www.avito.ru/kurgan/telefony/htc_one_mini_2_916126770
HTC Xbo,3 000 руб.,Москва,https://www.avito.ru/moskva/telefony/htc_xbo_1174422313
Сотовый телефон hTC mini 2,5 000 руб.,Санкт-Петербург,https://www.avito.ru/sankt-peterburg/telefony/sotovyy_telefon_htc_mini_2_1032063328
Телефон HTC EVO 3D RUS (PG86300),1 800 руб.,Курган,https://www.avito.ru/kurgan/telefony/telefon_htc_evo_3d_rus_pg86300_1022889744
Htc 326g dual sim,4 000 руб.,Туапсе,https://www.avito.ru/tuapse/telefony/htc_326g_dual_sim_1187669295
HTC One X9 Dual SIM,16 500 руб.,Москва,https://www.avito.ru/moskva/telefony/htc_one_x9_dual_sim_582972333
Htc 628 desire,6 000 руб.,Конаково,https://www.avito.ru/konakovo/telefony/htc_628_desire_1019715145
HTC Desire 620G dual sim,100 руб.,Санкт-Петербург,https://www.avito.ru/sankt-peterburg/telefony/htc_desire_620g_dual_sim_1007586740
Продам HTC radar. б/у,3 000 руб.,Тюмень,https://www.avito.ru/tyumen/telefony/prodam_htc_radar._bu_669256827
HTC Desire X Dual Sim. Отл. сос,3 500 руб.,Челябинск,https://www.avito.ru/chelyabinsk/telefony/htc_desire_x_dual_sim._otl._sos_478678022
HTC one M7 оригинал разбор,1 000 руб.,Санкт-Петербург,https://www.avito.ru/sankt-peterburg/telefony/htc_one_m7_original_razbor_1170588549
HTC One V,1 500 руб.,Москва,https://www.avito.ru/moskva/telefony/htc_one_v_1118577358
HTC 8x,2 000 руб.,Москва,https://www.avito.ru/moskva/telefony/htc_8x_1170819898
Продам сотовый телефон HTC desire 601,1 500 руб.,Омск,https://www.avito.ru/omsk/telefony/prodam_sotovyy_telefon_htc_desire_601_1203343663
Htc desire 620g dual sim,5 300 руб.,Санкт-Петербург,https://www.avito.ru/sankt-peterburg/telefony/htc_desire_620g_dual_sim_1082517011
HTC desire 628 LTE,6 500 руб.,Нальчик,https://www.avito.ru/nalchik/telefony/htc_desire_628_lte_1122622177
HTC Desire 320,1 200 руб.,Мценск,https://www.avito.ru/mtsensk/telefony/htc_desire_320_928611255
HTC disier S,3 000 руб.,Железнодорожный,https://www.avito.ru/moskovskaya_oblast_zheleznodorozhnyy/telefony/htc_disier_s_844252939
HTC e9sw,10 000 руб.,Ефремов,https://www.avito.ru/efremov/telefony/htc_e9sw_1005181682
Htc 626,6 000 руб.,Саратов,https://www.avito.ru/saratov/telefony/htc_626_1204284435
HTC one телефон,12 000 руб.,Омск,https://www.avito.ru/omsk/telefony/htc_one_telefon_807025540
HTC Legend серебристый,2 220 руб.,Москва,https://www.avito.ru/moskva/telefony/htc_legend_serebristyy_314761279
Смартфон HTC Desire 210 на запчасти,690 руб.,Санкт-Петербург,https://www.avito.ru/sankt-peterburg/telefony/smartfon_htc_desire_210_na_zapchasti_1047098181
HTC Desire 200,2 000 руб.,Москва,https://www.avito.ru/moskva/telefony/htc_desire_200_876913534
HTC ONE X +,2 500 руб.,Самара,https://www.avito.ru/samara/telefony/htc_one_x_1211474304
Продам HTC Radar c110e,1 000 руб.,Красноперекопск,https://www.avito.ru/krasnoperekopsk/telefony/prodam_htc_radar_c110e_1056286457
HTC One m7 32gb,5 500 руб.,Кущевская,https://www.avito.ru/kuschevskaya/telefony/htc_one_m7_32gb_1151223126
HTC ONE X+,4 500 руб.,Каменск-Уральский,https://www.avito.ru/kamensk-uralskiy/telefony/htc_one_x_1096924071
Бронерованое стекло HTC 616+доставка,150 руб.,Пермь,https://www.avito.ru/perm/telefony/bronerovanoe_steklo_htc_616dostavka_1107540325
HTC 601dual SIM,Цена не указана,Ростов-на-Дону,https://www.avito.ru/rostov-na-donu/telefony/htc_601dual_sim_1005492169
HTC,2 990 руб.,Волжск,https://www.avito.ru/volzhsk/telefony/htc_1184210620
HTC One mini 2,5 900 руб.,Воронеж,https://www.avito.ru/voronezh/telefony/htc_one_mini_2_777938197
Смартфон HTC One SV,1 600 руб.,Екатеринбург,https://www.avito.ru/ekaterinburg/telefony/smartfon_htc_one_sv_1048170938
Htc m7 32gb,4 500 руб.,Екатеринбург,https://www.avito.ru/ekaterinburg/telefony/htc_m7_32gb_1160506007
HTC One M9,30 000 руб.,Хабаровск,https://www.avito.ru/habarovsk/telefony/htc_one_m9_1220350472
Продам телефон HTC Desire 820G dual sim,6 000 руб.,Егорьевск,https://www.avito.ru/egorevsk/telefony/prodam_telefon_htc_desire_820g_dual_sim_1045440047
Htc S720e,700 руб.,Екатеринбург,https://www.avito.ru/ekaterinburg/telefony/htc_s720e_1103340809
HTC Touch Diamond 2,2 500 руб.,Санкт-Петербург,https://www.avito.ru/sankt-peterburg/telefony/htc_touch_diamond_2_854392963
HTC Desire 626G Dual sim - Запчасти,1 800 руб.,Саранск,https://www.avito.ru/saransk/telefony/htc_desire_626g_dual_sim_-_zapchasti_1064150984
HTC desire 728g dual sim белый,6 000 руб.,Москва,https://www.avito.ru/moskva/telefony/htc_desire_728g_dual_sim_belyy_1190533799
HTC One m 8,11 000 руб.,Москва,https://www.avito.ru/moskva/telefony/htc_one_m_8_1112233034
Htc desire 326 g dual sim на запчасти,2 000 руб.,Саратов,https://www.avito.ru/saratov/telefony/htc_desire_326_g_dual_sim_na_zapchasti_961090801
HTC windows Phone,1 650 руб.,Нижний Новгород,https://www.avito.ru/nizhniy_novgorod/telefony/htc_windows_phone_985246736
HTC Desire S,1 800 руб.,Омск,https://www.avito.ru/omsk/telefony/htc_desire_s_1224642626
Htc a9 Opal Silver,13 000 руб.,Санкт-Петербург,https://www.avito.ru/sankt-peterburg/telefony/htc_a9_opal_silver_845097604
HTC One V (Лп6),2 500 руб.,Киров,https://www.avito.ru/kirovskaya_oblast_kirov/telefony/htc_one_v_lp6_1188539675
HTC One M8x,5 000 руб.,Пермь,https://www.avito.ru/perm/telefony/htc_one_m8x_1086707743
HTC Desire 526G dual slim,6 000 руб.,Майкоп,https://www.avito.ru/maykop/telefony/htc_desire_526g_dual_slim_992412485
HTC desire 326g,2 900 руб.,Москва,https://www.avito.ru/moskva/telefony/htc_desire_326g_1138220721
Продам/поменяю HTC m7 сильвер,5 000 руб.,Екатеринбург,https://www.avito.ru/ekaterinburg/telefony/prodampomenyayu_htc_m7_silver_1065411593
HTC One 32Gb,4 490 руб.,Нижний Новгород,https://www.avito.ru/nizhniy_novgorod/telefony/htc_one_32gb_1182657701
HTC Incredible s,2 500 руб.,Чебоксары,https://www.avito.ru/cheboksary/telefony/htc_incredible_s_902986618
Смартфон HTC Desire 601,4 500 руб.,Чайковский,https://www.avito.ru/chaykovskiy/telefony/smartfon_htc_desire_601_1045067949
Продам HTC ONE M9,18 500 руб.,Оренбург,https://www.avito.ru/orenburg/telefony/prodam_htc_one_m9_962269173
HTC,2 000 руб.,Стерлитамак,https://www.avito.ru/sterlitamak/telefony/htc_1133121651
HTC Sensation,2 800 руб.,Калининград,https://www.avito.ru/kaliningrad/telefony/htc_sensation_1174959652
"HTC One M8 16Gb состояние нового,Ростест,мощный",9 000 руб.,Москва,https://www.avito.ru/moskva/telefony/htc_one_m8_16gb_sostoyanie_novogorostestmoschnyy_944526521
HTC one mini,2 500 руб.,Санкт-Петербург,https://www.avito.ru/sankt-peterburg/telefony/htc_one_mini_1040672587
HTC 526G,3 000 руб.,Шарья,https://www.avito.ru/sharya/telefony/htc_526g_1032488244
HTC Desire C,2 300 руб.,Москва,https://www.avito.ru/moskva/telefony/htc_desire_c_1109666119
Смартфон телефон htc sense wildfire s a510e,1 200 руб.,Саратов,https://www.avito.ru/saratov/telefony/smartfon_telefon_htc_sense_wildfire_s_a510e_1180724560
Корпус передний HTC Desire 601,200 руб.,Тюмень,https://www.avito.ru/tyumen/telefony/korpus_peredniy_htc_desire_601_1137159221
HTC,1 000 руб.,Москва,https://www.avito.ru/moskva/telefony/htc_1207013477
HTC M8 dual,7 500 руб.,Омск,https://www.avito.ru/omsk/telefony/htc_m8_dual_1009797108
HTC Salsa,Цена не указана,Москва,https://www.avito.ru/moskva/telefony/htc_salsa_993010199
Htc One M9,13 000 руб.,Геленджик,https://www.avito.ru/gelendzhik/telefony/htc_one_m9_1069240768
Продам запчасти от Htc one 7,100 руб.,Ижевск,https://www.avito.ru/izhevsk/telefony/prodam_zapchasti_ot_htc_one_7_1216709692
Новый Смартфон. HTC Desire 816G Dual Sim,7 900 руб.,Москва,https://www.avito.ru/moskva/telefony/novyy_smartfon._htc_desire_816g_dual_sim_902674181
HTC Desire 600 Dual Sim Black,5 200 руб.,Москва,https://www.avito.ru/moskva/telefony/htc_desire_600_dual_sim_black_868980461
HTC wildfires S,1 800 руб.,Северодвинск,https://www.avito.ru/severodvinsk/telefony/htc_wildfires_s_907592513
Htc disire 630 dual,7 500 руб.,Киров,https://www.avito.ru/kirovskaya_oblast_kirov/telefony/htc_disire_630_dual_983718147
HTC One M9 Gold,20 000 руб.,Черкесск,https://www.avito.ru/cherkessk/telefony/htc_one_m9_gold_1025839499
HTC desiere v,1 000 руб.,Лысьва,https://www.avito.ru/lysva/telefony/htc_desiere_v_1128358337
Телефон HTC сенсорный,Цена не указана,Нягань,https://www.avito.ru/nyagan/telefony/telefon_htc_sensornyy_1207048828
HTC Desire 600 dual sim,5 000 руб.,Ленск,https://www.avito.ru/lensk/telefony/htc_desire_600_dual_sim_1041066457
HTC,6 000 руб.,Челябинск,https://www.avito.ru/chelyabinsk/telefony/htc_1067691855
HTC 620G Dual SIM,8 000 руб.,Краснодар,https://www.avito.ru/krasnodar/telefony/htc_620g_dual_sim_1101482130
HTC Desire 530,8 000 руб.,Анапа,https://www.avito.ru/anapa/telefony/htc_desire_530_1078242933
HTC Wildfire S,2 300 руб.,Волгоград,https://www.avito.ru/volgograd/telefony/htc_wildfire_s_192060521
HTC Windows Phone 8X,6 000 руб.,Вельск,https://www.avito.ru/velsk/telefony/htc_windows_phone_8x_995902524
HTC evo 3D,1 500 руб.,Саранск,https://www.avito.ru/saransk/telefony/htc_evo_3d_885349197
Htc one,1 000 руб.,Хотьково,https://www.avito.ru/hotkovo/telefony/htc_one_1187260986
Продам смартфон HTC Desire 620g,5 300 руб.,Коломна,https://www.avito.ru/kolomna/telefony/prodam_smartfon_htc_desire_620g_1177207336
HTC One M8s,15 000 руб.,Таганрог,https://www.avito.ru/taganrog/telefony/htc_one_m8s_1128198458
Htc,2 000 руб.,Майкоп,https://www.avito.ru/maykop/telefony/htc_1222286443
Продам HTC M8S,8 500 руб.,Кузнецк,https://www.avito.ru/kuznetsk/telefony/prodam_htc_m8s_985162954
HTC ONE M8 32Gb,9 000 руб.,Рославль,https://www.avito.ru/roslavl/telefony/htc_one_m8_32gb_1156022834
HTC one s,2 500 руб.,Первоуральск,https://www.avito.ru/pervouralsk/telefony/htc_one_s_1220393174
Смартфон HTC Desire SV,2 500 руб.,Москва,https://www.avito.ru/moskva/telefony/smartfon_htc_desire_sv_861452871
HTC ONE M8,8 000 руб.,Набережные Челны,https://www.avito.ru/naberezhnye_chelny/telefony/htc_one_m8_1140546705
Мобильный телефон HTC 10 Evo 32Gb Gunmetal,22 900 руб.,Санкт-Петербург,https://www.avito.ru/sankt-peterburg/telefony/mobilnyy_telefon_htc_10_evo_32gb_gunmetal_1002371219
Продам HTC Desire EYE,10 000 руб.,Москва,https://www.avito.ru/moskva/telefony/prodam_htc_desire_eye_1179135015
HTC desire SV,3 000 руб.,Санкт-Петербург,https://www.avito.ru/sankt-peterburg/telefony/htc_desire_sv_1026186669
HTC HD2,3 000 руб.,Брянск,https://www.avito.ru/bryansk/telefony/htc_hd2_785850158
Продам HTC One touch mini 2,Цена не указана,Октябрьский,https://www.avito.ru/bashkortostan_oktyabrskiy/telefony/prodam_htc_one_touch_mini_2_1064680657
Htc desire 700,8 000 руб.,Санкт-Петербург,https://www.avito.ru/sankt-peterburg/telefony/htc_desire_700_1052061009
HTC One A9 Обмен Гарантия,9 990 руб.,Калининград,https://www.avito.ru/kaliningrad/telefony/htc_one_a9_obmen_garantiya_956427644
Htc one M9 32gb,11 500 руб.,Дзержинск,https://www.avito.ru/dzerzhinsk/telefony/htc_one_m9_32gb_1129268016
HTC Desire 601,4 500 руб.,Барнаул,https://www.avito.ru/barnaul/telefony/htc_desire_601_1194949184
HTC one m7,5 000 руб.,Санкт-Петербург,https://www.avito.ru/sankt-peterburg/telefony/htc_one_m7_999207513
Сотовый телефон HTC,1 000 руб.,Самара,https://www.avito.ru/samara/telefony/sotovyy_telefon_htc_1033290152
HTC Desire SV битый экран,1 000 руб.,Москва,https://www.avito.ru/moskva/telefony/htc_desire_sv_bityy_ekran_1143352753
HTC desire v,2 500 руб.,Санкт-Петербург,https://www.avito.ru/sankt-peterburg/telefony/htc_desire_v_928395065
Htc desire x,1 000 руб.,Пермь,https://www.avito.ru/perm/telefony/htc_desire_x_1104427327
Сотовый телефон HTC one mini 2,4 900 руб.,Усолье-Сибирское,https://www.avito.ru/usole-sibirskoe/telefony/sotovyy_telefon_htc_one_mini_2_982249919
Htc one m7,2 000 руб.,Чебоксары,https://www.avito.ru/cheboksary/telefony/htc_one_m7_656339
HTC Desire 728G dual sim,6 300 руб.,Ступино,https://www.avito.ru/stupino/telefony/htc_desire_728g_dual_sim_937994595
HTC Desire U dual sim на запчасти,1 300 руб.,Чебаркуль,https://www.avito.ru/chebarkul/telefony/htc_desire_u_dual_sim_na_zapchasti_1168521735
HTC Desire 400 dual sim 3G,4 299 руб.,Сергиев Посад,https://www.avito.ru/sergiev_posad/telefony/htc_desire_400_dual_sim_3g_989414802
Смартфон HTC P3600,800 руб.,Ухта,https://www.avito.ru/uhta/telefony/smartfon_htc_p3600_930176347
Новый HTC One A9s 32Gb,11 700 руб.,Санкт-Петербург,https://www.avito.ru/sankt-peterburg/telefony/novyy_htc_one_a9s_32gb_1111146540
HTC Desire V,700 руб.,Екатеринбург,https://www.avito.ru/ekaterinburg/telefony/htc_desire_v_788599479
HTC One m 8 возможен обмен,9 500 руб.,Набережные Челны,https://www.avito.ru/naberezhnye_chelny/telefony/htc_one_m_8_vozmozhen_obmen_1055071632
HTC One gpe 32Gb (m7),5 000 руб.,Иваново,https://www.avito.ru/ivanovo/telefony/htc_one_gpe_32gb_m7_1068936144
Htc one m7,5 000 руб.,Псков,https://www.avito.ru/pskov/telefony/htc_one_m7_1114935790
HTC desire 200,900 руб.,Чебоксары,https://www.avito.ru/cheboksary/telefony/htc_desire_200_1080980755
HTC Desire 626G,2 500 руб.,Челябинск,https://www.avito.ru/chelyabinsk/telefony/htc_desire_626g_957304804
HTC Wildfire S,2 700 руб.,Москва,https://www.avito.ru/moskva/telefony/htc_wildfire_s_936589972
Продам телефон HTC,1 000 руб.,Миасс,https://www.avito.ru/miass/telefony/prodam_telefon_htc_1088794844
HTC ONE mini,3 500 руб.,Хабаровск,https://www.avito.ru/habarovsk/telefony/htc_one_mini_1130309514
Htc one mini 2,5 000 руб.,Казань,https://www.avito.ru/kazan/telefony/htc_one_mini_2_1099517201
Смартфон HTC touch diamond2,900 руб.,Набережные Челны,https://www.avito.ru/naberezhnye_chelny/telefony/smartfon_htc_touch_diamond2_922624799
Телефон HTC 626ph,5 500 руб.,Москва,https://www.avito.ru/moskva/telefony/telefon_htc_626ph_1152833870
Htc desire 628,5 000 руб.,Краснотурьинск,https://www.avito.ru/krasnoturinsk/telefony/htc_desire_628_1076060050
HTC One,100 руб.,Нефтеюганск,https://www.avito.ru/nefteyugansk/telefony/htc_one_919244825
HTC one,100 руб.,Нефтеюганск,https://www.avito.ru/nefteyugansk/telefony/htc_one_919245209
Htc 600,Цена не указана,Волжский,https://www.avito.ru/volgogradskaya_oblast_volzhskiy/telefony/htc_600_1201024903
HTC лумия,1 200 руб.,Москва,https://www.avito.ru/moskva/telefony/htc_lumiya_1059265128
Продам HTC Incredible s red,2 000 руб.,Владикавказ,https://www.avito.ru/vladikavkaz/telefony/prodam_htc_incredible_s_red_1183205827
Смартфон HTC desire 620 G. выбор. покупка. обмен,3 900 руб.,Челябинск,https://www.avito.ru/chelyabinsk/telefony/smartfon_htc_desire_620_g._vybor._pokupka._obmen_1208256764
Телефон htc,3 000 руб.,Владимир,https://www.avito.ru/vladimir/telefony/telefon_htc_995011405
Продам HTC E9+dual SIM,10 000 руб.,Новый Уренгой,https://www.avito.ru/novyy_urengoy/telefony/prodam_htc_e9dual_sim_1106604399
Htc disire 626g,2 000 руб.,Тула,https://www.avito.ru/tula/telefony/htc_disire_626g_933594457
Новый HTC One A9 белый /магазин / гарантия,19 690 руб.,Москва,https://www.avito.ru/moskva/telefony/novyy_htc_one_a9_belyy_magazin_garantiya_1048988370
HTC Desire SV dual sim,3 000 руб.,Москва,https://www.avito.ru/moskva/telefony/htc_desire_sv_dual_sim_934544107
Htc one m7 black ed. 32gb 2sim,7 000 руб.,Нижний Новгород,https://www.avito.ru/nizhniy_novgorod/telefony/htc_one_m7_black_ed._32gb_2sim_811854126
HTC desire 601 dual sim,4 000 руб.,Оренбург,https://www.avito.ru/orenburg/telefony/htc_desire_601_dual_sim_929274809
HTC desire 200,1 299 руб.,Москва,https://www.avito.ru/moskva/telefony/htc_desire_200_1007131584
HTC Desire 310,3 000 руб.,Казань,https://www.avito.ru/kazan/telefony/htc_desire_310_935056602
HTC One A9 2016 года,6 000 руб.,Москва,https://www.avito.ru/moskva/telefony/htc_one_a9_2016_goda_1158748612
HTC Desire C,3 500 руб.,Наро-Фоминск,https://www.avito.ru/naro-fominsk/telefony/htc_desire_c_1199446969
Новый в пленках HTC One M9 32GB,16 000 руб.,Симферополь,https://www.avito.ru/simferopol/telefony/novyy_v_plenkah_htc_one_m9_32gb_1141896425
HTC Desire 310 dual sim,3 000 руб.,Ростов-на-Дону,https://www.avito.ru/rostov-na-donu/telefony/htc_desire_310_dual_sim_1054416931
HTC 8x,4 000 руб.,Самара,https://www.avito.ru/samara/telefony/htc_8x_1039407923
07.08/ HTC X9,2 299 руб.,Чита,https://www.avito.ru/chita/telefony/07.08_htc_x9_1209746024
HTC Desire 320,1 000 руб.,Краснодар,https://www.avito.ru/krasnodar/telefony/htc_desire_320_1203284524
HTC Desire 820G dual sim,10 000 руб.,Калининград,https://www.avito.ru/kaliningrad/telefony/htc_desire_820g_dual_sim_977403863
Смартфон HTC Desire 626G dual sim,5 500 руб.,Магнитогорск,https://www.avito.ru/magnitogorsk/telefony/smartfon_htc_desire_626g_dual_sim_939218543
Новый HTC One M8 Доставка,12 500 руб.,Симферополь,https://www.avito.ru/simferopol/telefony/novyy_htc_one_m8_dostavka_1008598055
HTC Desire 326G Dual Sim,5 500 руб.,Нижний Новгород,https://www.avito.ru/nizhniy_novgorod/telefony/htc_desire_326g_dual_sim_1059004401
Htc 7 mozart,500 руб.,Барнаул,https://www.avito.ru/barnaul/telefony/htc_7_mozart_989965290
HTC ONE E9 plus,15 000 руб.,Юрюзань,https://www.avito.ru/yuryuzan/telefony/htc_one_e9_plus_887608707
Htc desier 600 dual sim,4 000 руб.,Москва,https://www.avito.ru/moskva/telefony/htc_desier_600_dual_sim_1073892521
